Year,Revenue_EUR_m,Revenue_Growth_%,Profit_Margin_%,Net_Profit_EUR_m,Customers_Est,Avg_Revenue_per_Cust_EUR
2018,80,,19.5,15.6,50000,1600.0
2019,95,18.75,21.8,20.71,57499,1652.2
2020,110,15.789473684210531,20.93,23.02,66124,1663.54
2021,125,13.636363636363647,20.39,25.49,76043,1643.81
2022,145,15.999999999999993,18.62,27.0,87450,1658.09
2023,170,17.24137931034482,18.62,31.65,100567,1690.42
2024,200,17.647058823529417,18.23,36.46,115653,1729.31
2025,230,14.999999999999991,21.46,49.36,133000,1729.32
